<Ui xmlns="http://www.blizzard.com/wow/ui/" xmlns:xsi="http://www.w3.org/2001/XMLSchema-instance" xsi:schemaLocation="http://www.blizzard.com/wow/ui/
..\FrameXML\UI.xsd">
	<Script file="BDropDownMenu.lua"/>
	<Script file="BEasyMenu.lua"/>
	<!-- <Script file="BigFootPopRange.lua"/> -->

	<Button name="BDropDownMenuButtonTemplate" virtual="true">
		<Size x="100" y="16"/>
		<Layers>
			<Layer level="BACKGROUND">
				<Texture name="$parentHighlight" file="Interface\QuestFrame\UI-QuestTitleHighlight" alphaMode="ADD" setAllPoints="true" hidden="true"/>
			</Layer>
			<Layer level="ARTWORK">
				<Texture name="$parentCheck" file="Interface\Buttons\UI-CheckBox-Check">
					<Size x="18" y="18"/>
					<Anchors>
						<Anchor point="LEFT">
							<Offset x="0" y="0"/>
						</Anchor>
					</Anchors>
				</Texture>
				<Texture name="$parentIcon" hidden="true">
					<Size>
						<AbsDimension x="16" y="16"/>
					</Size>
					<Anchors>
						<Anchor point="RIGHT">
							<Offset x="0" y="0"/>
						</Anchor>
					</Anchors>
				</Texture>
			</Layer>
		</Layers>
		<Frames>
			<Button name="$parentColorSwatch" hidden="true">
				<Size>
					<AbsDimension x="16" y="16"/>
				</Size>
				<Anchors>
					<Anchor point="RIGHT">
						<Offset>
							<AbsDimension x="-6" y="0"/>
						</Offset>
					</Anchor>
				</Anchors>
				<Layers>
					<Layer level="BACKGROUND">
						<Texture name="$parentSwatchBg">
							<Size>
								<AbsDimension x="14" y="14"/>
							</Size>
							<Anchors>
								<Anchor point="CENTER">
									<Offset>
										<AbsDimension x="0" y="0"/>
									</Offset>
								</Anchor>
							</Anchors>
							<Color r="1.0" g="1.0" b="1.0"/>
						</Texture>
					</Layer>
				</Layers>
				<Scripts>
					<OnClick>
						CloseMenus();
						BDropDownMenuButton_OpenColorPicker(self:GetParent());
					</OnClick>
					<OnEnter>
						BCloseDropDownMenus(self:GetParent():GetParent():GetID() + 1);
						getglobal(self:GetName().."SwatchBg"):SetVertexColor(NORMAL_FONT_COLOR.r, NORMAL_FONT_COLOR.g, NORMAL_FONT_COLOR.b);
						BDropDownMenu_StopCounting(self:GetParent():GetParent());
					</OnEnter>
					<OnLeave>
						getglobal(self:GetName().."SwatchBg"):SetVertexColor(HIGHLIGHT_FONT_COLOR.r, HIGHLIGHT_FONT_COLOR.g, HIGHLIGHT_FONT_COLOR.b);
						BDropDownMenu_StartCounting(self:GetParent():GetParent());
					</OnLeave>
				</Scripts>
				<NormalTexture name="$parentNormalTexture" file="Interface\ChatFrame\ChatFrameColorSwatch"/>
			</Button>
			<Button name="$parentExpandArrow" hidden="true">
				<Size>
					<AbsDimension x="16" y="16"/>
				</Size>
				<Anchors>
					<Anchor point="RIGHT">
						<Offset>
							<AbsDimension x="0" y="0"/>
						</Offset>
					</Anchor>
				</Anchors>
				<Scripts>
					<OnClick>
						BToggleDropDownMenu(self:GetParent():GetParent():GetID() + 1, self:GetParent().value, nil, nil, nil, nil, self:GetParent().menuList, self);
					</OnClick>
					<OnEnter>
						BToggleDropDownMenu(self:GetParent():GetParent():GetID() + 1, self:GetParent().value, nil, nil, nil, nil, self:GetParent().menuList, self);
						BDropDownMenu_StopCounting(self:GetParent():GetParent());
					</OnEnter>
					<OnLeave>
						BDropDownMenu_StartCounting(self:GetParent():GetParent());
					</OnLeave>
				</Scripts>
				<NormalTexture file="Interface\ChatFrame\ChatFrameExpandArrow"/>
			</Button>
			<Button name="$parentInvisibleButton" hidden="true">
				<Anchors>
					<Anchor point="TOPLEFT"/>
					<Anchor point="BOTTOMLEFT"/>
					<Anchor point="RIGHT" relativeTo="$parentColorSwatch" relativePoint="LEFT">
						<Offset>
							<AbsDimension x="0" y="0"/>
						</Offset>
					</Anchor>
				</Anchors>
				<Scripts>
					<OnEnter>
						BDropDownMenu_StopCounting(self:GetParent():GetParent());
						BCloseDropDownMenus(self:GetParent():GetParent():GetID() + 1);
					</OnEnter>
					<OnLeave>
						BDropDownMenu_StartCounting(self:GetParent():GetParent());
					</OnLeave>
				</Scripts>
			</Button>
		</Frames>
		<Scripts>
			<OnClick>
				BDropDownMenuButton_OnClick(self, button);
			</OnClick>
			<OnEnter>
				if ( self.hasArrow ) then
					BToggleDropDownMenu(self:GetParent():GetID() + 1, self.value, nil, nil, nil, nil, self.menuList, self);
				else
					BCloseDropDownMenus(self:GetParent():GetID() + 1);
				end
				getglobal(self:GetName().."Highlight"):Show();
				BDropDownMenu_StopCounting(self:GetParent());
				if ( self.tooltipTitle ) then
					GameTooltip_AddNewbieTip(self, self.tooltipTitle, 1.0, 1.0, 1.0, self.tooltipText, 1);
				end
			</OnEnter>
			<OnLeave>
				getglobal(self:GetName().."Highlight"):Hide();
				BDropDownMenu_StartCounting(self:GetParent());
				GameTooltip:Hide();
			</OnLeave>
		</Scripts>
		<ButtonText name="$parentNormalText">
			<Anchors>
				<Anchor point="LEFT">
					<Offset x="-5" y="0"/>
				</Anchor>
			</Anchors>
		</ButtonText>
		<NormalFont style="GameFontHighlightSmallLeft"/>
		<HighlightFont style="GameFontHighlightSmallLeft"/>
		<DisabledFont style="GameFontDisableSmallLeft"/>
	</Button>

	<Button name="BDropDownListTemplate" hidden="true" frameStrata="DIALOG" enableMouse="true" virtual="true">
		<Frames>
			<Frame name="$parentBackdrop" setAllPoints="true">
				<Backdrop bgFile="Interface\DialogFrame\UI-DialogBox-Background" edgeFile="Interface\DialogFrame\UI-DialogBox-Border" tile="true">
					<BackgroundInsets>
						<AbsInset left="11" right="12" top="12" bottom="11"/>
					</BackgroundInsets>
					<TileSize>
						<AbsValue val="32"/>
					</TileSize>
					<EdgeSize>
						<AbsValue val="32"/>
					</EdgeSize>
				</Backdrop>
			</Frame>
			<Frame name="$parentMenuBackdrop" setAllPoints="true">
				<Backdrop bgFile="Interface\Tooltips\UI-Tooltip-Background" edgeFile="Interface\Tooltips\UI-Tooltip-Border" tile="true">
					<EdgeSize>
						<AbsValue val="16"/>
					</EdgeSize>
					<TileSize>
						<AbsValue val="16"/>
					</TileSize>
					<BackgroundInsets>
						<AbsInset left="5" right="5" top="5" bottom="5"/>
					</BackgroundInsets>
				</Backdrop>
				<Scripts>
					<OnLoad>
						self:SetBackdropBorderColor(TOOLTIP_DEFAULT_COLOR.r, TOOLTIP_DEFAULT_COLOR.g, TOOLTIP_DEFAULT_COLOR.b);
						self:SetBackdropColor(TOOLTIP_DEFAULT_BACKGROUND_COLOR.r, TOOLTIP_DEFAULT_BACKGROUND_COLOR.g, TOOLTIP_DEFAULT_BACKGROUND_COLOR.b);
					</OnLoad>
				</Scripts>
			</Frame>
			<Button name="$parentButton1" inherits="BDropDownMenuButtonTemplate" id="1"/>
			<Button name="$parentButton2" inherits="BDropDownMenuButtonTemplate" id="2"/>
			<Button name="$parentButton3" inherits="BDropDownMenuButtonTemplate" id="3"/>
			<Button name="$parentButton4" inherits="BDropDownMenuButtonTemplate" id="4"/>
			<Button name="$parentButton5" inherits="BDropDownMenuButtonTemplate" id="5"/>
			<Button name="$parentButton6" inherits="BDropDownMenuButtonTemplate" id="6"/>
			<Button name="$parentButton7" inherits="BDropDownMenuButtonTemplate" id="7"/>
			<Button name="$parentButton8" inherits="BDropDownMenuButtonTemplate" id="8"/>
		</Frames>
		<Scripts>
			<OnClick>
				self:Hide();
			</OnClick>
			<OnEnter>
				BDropDownMenu_StopCounting(self);
			</OnEnter>
			<OnLeave>
				BDropDownMenu_StartCounting(self);
			</OnLeave>
			<OnUpdate>
				BDropDownMenu_OnUpdate(self, elapsed);
			</OnUpdate>
			<OnShow>
				for i=1, BDROPDOWNMENU_MAXBUTTONS do
					if (not self.noResize) then
						getglobal(self:GetName().."Button"..i):SetWidth(self.maxWidth);
					end
				end
				if (not self.noResize) then
					self:SetWidth(self.maxWidth+25);
				end
				self.showTime = nil;
				if ( self:GetID() > 1 ) then
					self.parent = getglobal("BDropDownList"..(self:GetID() - 1));
				end
			</OnShow>
			<OnHide>
				BDropDownMenu_OnHide(self);
			</OnHide>
		</Scripts>
	</Button>

	<Frame name="BDropDownMenuTemplate" virtual="true">
		<Size>
			<AbsDimension x="40" y="32"/>
		</Size>
		<Layers>
			<Layer level="ARTWORK">
				<Texture name="$parentLeft" file="Interface\Glues\CharacterCreate\CharacterCreate-LabelFrame">
					<Size>
						<AbsDimension x="25" y="64"/>
					</Size>
					<Anchors>
						<Anchor point="TOPLEFT">
							<Offset>
								<AbsDimension x="0" y="17"/>
							</Offset>
						</Anchor>
					</Anchors>
					<TexCoords left="0" right="0.1953125" top="0" bottom="1"/>
				</Texture>
				<Texture name="$parentMiddle" file="Interface\Glues\CharacterCreate\CharacterCreate-LabelFrame">
					<Size>
						<AbsDimension x="115" y="64"/>
					</Size>
					<Anchors>
						<Anchor point="LEFT" relativeTo="$parentLeft" relativePoint="RIGHT"/>
					</Anchors>
					<TexCoords left="0.1953125" right="0.8046875" top="0" bottom="1"/>
				</Texture>
				<Texture name="$parentRight" file="Interface\Glues\CharacterCreate\CharacterCreate-LabelFrame">
					<Size>
						<AbsDimension x="25" y="64"/>
					</Size>
					<Anchors>
						<Anchor point="LEFT" relativeTo="$parentMiddle" relativePoint="RIGHT"/>
					</Anchors>
					<TexCoords left="0.8046875" right="1" top="0" bottom="1"/>
				</Texture>
				<FontString name="$parentText" inherits="GameFontHighlightSmall" justifyH="RIGHT">
					<Size>
						<AbsDimension x="0" y="10"/>
					</Size>
					<Anchors>
						<Anchor point="RIGHT" relativeTo="$parentRight">
							<Offset>
								<AbsDimension x="-43" y="2"/>
							</Offset>
						</Anchor>
					</Anchors>
				</FontString>
			</Layer>
		</Layers>
		<Frames>
			<Button name="$parentButton">
				<Size>
					<AbsDimension x="24" y="24"/>
				</Size>
				<Anchors>
					<Anchor point="TOPRIGHT" relativeTo="$parentRight">
						<Offset>
							<AbsDimension x="-16" y="-18"/>
						</Offset>
					</Anchor>
				</Anchors>
				<Scripts>
					<OnClick>
						BToggleDropDownMenu(nil, nil, self:GetParent());
						PlaySound(SOUNDKIT.IG_MAINMENU_OPTION_CHECKBOX_ON);
					</OnClick>
				</Scripts>
				<NormalTexture name="$parentNormalTexture" file="Interface\ChatFrame\UI-ChatIcon-ScrollDown-Up">
					<Size>
						<AbsDimension x="24" y="24"/>
					</Size>
					<Anchors>
						<Anchor point="RIGHT"/>
					</Anchors>
				</NormalTexture>
				<PushedTexture name="$parentPushedTexture" file="Interface\ChatFrame\UI-ChatIcon-ScrollDown-Down">
					<Size>
						<AbsDimension x="24" y="24"/>
					</Size>
					<Anchors>
						<Anchor point="RIGHT"/>
					</Anchors>
				</PushedTexture>
				<DisabledTexture name="$parentDisabledTexture" file="Interface\ChatFrame\UI-ChatIcon-ScrollDown-Disabled">
					<Size>
						<AbsDimension x="24" y="24"/>
					</Size>
					<Anchors>
						<Anchor point="RIGHT"/>
					</Anchors>
				</DisabledTexture>
				<HighlightTexture name="$parentHighlightTexture" file="Interface\Buttons\UI-Common-MouseHilight" alphaMode="ADD">
					<Size>
						<AbsDimension x="24" y="24"/>
					</Size>
					<Anchors>
						<Anchor point="RIGHT"/>
					</Anchors>
				</HighlightTexture>
			</Button>
		</Frames>
		<Scripts>
			<OnHide>
				BCloseDropDownMenus();
			</OnHide>
		</Scripts>
	</Frame>

	<Button name="BDropDownList1" toplevel="true" frameStrata="FULLSCREEN_DIALOG" inherits="BDropDownListTemplate" hidden="true" id="1">
		<Size>
			<AbsDimension x="180" y="10"/>
		</Size>
		<Scripts>
			<OnLoad>
				local fontName, fontHeight, fontFlags = getglobal("BDropDownList1Button1NormalText"):GetFont();
				BDROPDOWNMENU_DEFAULT_TEXT_HEIGHT = fontHeight;
			</OnLoad>
		</Scripts>
	</Button>

	<Button name="BDropDownList2" toplevel="true" frameStrata="FULLSCREEN_DIALOG" inherits="BDropDownListTemplate" hidden="true" id="2">
		<Size>
			<AbsDimension x="180" y="10"/>
		</Size>
	</Button>
</Ui>
